- year: 2015
  months:
    - month: febrero
      days:
        - day: 16
          shows:
            - name: c/ ceuta, 8, madrid
              done: no  
    - month: enero
      days:
        - day: 16
          shows:
            - name: el intruso. c/ augusto figueroa 3, madrid
              done: no
- year: 2014
  months:
    - month: noviembre
      days:
        - day: 19
          shows:
            - name: semana de sta. cecilia en el conservatorio de leganés (M), 20horas
              done: no
    - month: septiembre
      days:
        - day: 15
          shows:
            - name: Azotea del Circulo de BBAA. Alcalá, 42. Madrid
              done: si
    - month: septiembre
      days:
        - day: 6, 7, 10, 12, 13, 14
          shows:
            - name: World Basketball Championship Spain '14
              done: si
    - month: agosto
      days:
        - day: 9
          shows:
            - name: Albalat de la Ribera V. Festes d'Agost
              done: si
    - month: julio
      days:
        - day: 18
          shows:
            - name: Biar A. Jornadas trombonísticas 2i2q
              done: si
    - month: julio
      days:
        - day: 05
          shows:
            - name: Salas de los Infantes
              done: si          
    - month: junio
      days:
        - day: 15
          shows:
            - name: Guadalix de la Sierra M. Sound imagination.
              done: si
        - day: 14
          shows:
            - name: Majadahonda
              done: si
        - day: 13
          shows:
            - name: Móstoles
              done: si
- year: 2013
  months:
    - month: noviembre
      days:
        - day: 16
          shows:
            - name: Ciudad Rodrigo
              done: si    
    - month: noviembre
      days:
        - day: 15
          shows:
            - name: Galileo Galilei. Galileo, 100. Madrid
              done: si    
    - month: septiembre
      days:
        - day: 28
          shows:
            - name: Satisfaction R&Rbar. Madrid
              done: si 
    - month: julio
      days:
        - day: 04
          shows:
            - name: SBALZ Alzira (V)
              done: si    
    - month: mayo
      days:
        - day: 14
          shows:
            - name: Tempo Club. Madrid
              done: si   
    - month: abril
      days:
        - day: 20
          shows:
            - name: Abierto Bar, Tarancón (CU)
              done: si    
        - day: 06
          shows:
            - name: Sala Oxido, Guadalajara
              done: si  
- year: 2012
  months:
    - month: noviembre
      days:
        - day: 03
          shows:
            - name: tempo Club madrid 
              done: si
    - month: octubre
      days:
        - day: 06
          shows:
            - name: Leganés 
              done: si
    - month: julio
      days:
        - day: 07
          shows:
            - name: Banyeres de Mariola (A) 
              done: si
    - month: junio
      days:
        - day: 19
          shows:
            - name: Fujitsu, Ifema Madrid 
              done: si
    - month: junio
      days:
        - day: 26
          shows:
            - name: Fujitsu, palau de congressos BCN 
              done: si
    - month: mayo
      days:
        - day: 23
          shows:
            - name: Alegria de Iruña, Pamplona
              done: si    
    - month: mayo
      days:
        - day: 26
          shows:
            - name: clermont ferrand (FR)
              done: si    
- year: 2011
  months:
    - month: diciembre
      days:
        - day: 10
          shows:
            - name: teatre de la Banda Primitiva de Llíria
              done: si
    - month: noviembre
      days:
        - day: 09
          shows:
            - name: Galileo Galilei, Madrid
              done: si
    - month: octubre
      days:
        - day: 22
          shows:
            - name: manifestación por la enseñanza publica, plaza Jacinto Benavente, Madrid
              done: si
        - day: 14
          shows:
            - name: tempo Club madrid
              done: si
    - month: agosto
      days:
        - day: 20
          shows:
            - name: Pinedo (V)
              done: si
    - month: junio
      days:
        - day: 15
          shows:
            - name: Homenaje a Iabel Perez laRosa, Sala Manuel de Falla, RCSMMadrid
              done: si
        - day: 04
          shows:
            - name: Figaro café, Madrid
              done: si    
    - month: abril
      days:
        - day: 21
          shows:
            - name: lille (FR)
              done: si    
- year: 2010
  - month: octubre
      days:
        - day: 16
          shows:
            - name: tempo Club Madrid
              done: si
  - month: julio
      days:
        - day: 08
          shows:
            - name: Zumaia (Gi)
              done: si
  - month: julio
      days:
        - day: 30
          shows:
            - name: Beniganim (V)
              done: si
        - day: 29
          shows:
            - name: Bienal Buñol (V)
              done: si
        - day: 28
          shows:
            - name: Aielo de Malferit (V)
              done: si
        - day: 24
          shows:
            - name: rafelguaraf (V)
              done: si
  - month: junio
      days:
        - day: 19
          shows:
            - name: Xabia (A)
              done: si
  - month: mayo
      days:
        - day: 29
          shows:
            - name: Grabación III disco. Galileo Galilei, Madrid
              done: si
        - day: 28
          shows:
            - name: Metal Ligero. Fundación J. March, Madrid, RNE radioClásica
              done: si
        - day: 08
          shows:
            - name: Barbú, Madrid
              done: si
  - month: marzo
      days:
        - day: 04
          shows:
            - name: Lemon, Madrid
              done: si
  - month: enero
      days:
        - day: 29
          shows:
            - name: metal Ligero, Salamanca
              done: si
- year: 2009
  months:
    - month: octubre
      days:
        - day: 11-18 
          shows:
            - name: new international expo center Shanghai (CHI)
              done: si
        - day: 10 
          shows:
            - name: barbú Madrid
              done: si
- year: 2008
  months:
    - month: noviembre
      days:
        - day: 19
          shows:
            - name: conservatorio de Leganés (M)
              done: si
    - month: octubre
      days:
        - day: 29
          shows:
            - name: Vestas Daimiel (CR)
              done: si
        - day: 24
          shows:
            - name: pozuelo de alarcón (M)
              done: si
        - day: 18
          shows:
            - name: morata de tajuña (M)
              done: si
        - day: 07
          shows:
            - name: la Bolsa de Madrid
              done: si
    - month: julio
      days:
        - day: 24
          shows:
            - name: villanueva del pardillo (M)
              done: si
        - day: 11
          shows:
            - name: villamayor de santiago (CU)
              done: si
        - day: 06
          shows:
            - name: toro (ZA)
              done: si
    - month: junio
      days:
        - day: 28
          shows:
            - name: FEMUKA el espinar (SG)
              done: si
    - month: mayo
      days:
        - day: 27
          shows:
            - name: la Sal madrid
              done: si
    - month: abril
      days:
        - day: 24
          shows:
            - name: conservatorio Requena (V)
              done: si
        - day: 17
          shows:
            - name: Hotel Palace madrid
              done: si
        - day: 15
          shows:
            - name: conservatorio Elda (A)
              done: si
    - month: febrero
      days:
        - day: 24
          shows:
            - name: Consolat de Mar Benaguasil (V)
              done: si
        - day: 23
          shows:
            - name: cox (A)
              done: si
- year: 2007
  months:
    - month: diciembre
      days:
        - day: 15
          shows:
            - name: seseña (TO)
        - day: 09
          shows:
            - name: tobarra (CR)
        - day: 08
          shows:
            - name: cantalejo (SG)
        - day: 01
          shows:
            - name: sonseca (TO)
    - month: noviembre
      days:
        - day: 10
          shows:
            - name: ugena (TO)
    - month: octubre
      days:
        - day: 20
          shows:
            - name: bargas (TO)
              done: si
    - month: septiembre
      days:
        - day: 27
          shows:
            - name: Albacete
              done: si
    - month: julio
      days:
        - day: 21
          shows:
            - name: navajas (CS)
              done: si
        - day: 10-11
          shows:
            - name: SAC & Bravenders: A+B connection, Galileo Galilei Madrid
              done: si
        - day: 07
          shows:
            - name: San Fermín en Madrid
              done: si
    - month: mayo
      days:
        - day: 31
          shows:
            - name: la Sal madrid
              done: si
    - month: abril
      days:
        - day: 17
          shows:
            - name: teatro de la Primitiva de Llíria (V)
              done: si
    - month: marzo
      days:
        - day: 16
          shows:
            - name: majadahonda (M)
              done: si
- year: 2006
  months:
      - month: noviembre
      days:
        - day: 13
          shows:
            - name: medina del campo (VA)
              done: si
        - day: 22
          shows:
            - name: la Unió. Llíria
              done: si
      - month: noviembre
      days:
        - day: 25
          shows:
            - name: San rafael (SG)
              done: si
        - day: 19
          shows:
            - name: SAC a banda. Banda Municipal de Vitoria
              done: si
     - month: octubre
      days:
        - day: 23
          shows:
            - name: galileo galilei Madrid
              done: si
- year: 2005
  months:
    - month:
      days:
        - day: 
          shows:
            - name: Pendiente de completar
              done: si
- year: 2004
  months:
    - month:
      days:
        - day: 
          shows:
            - name: Pendiente de completar
              done: si
- year: 2003
  months:
    - month:
      days:
        - day: 
          shows:
            - name: Pendiente de completar
              done: si
- year: 2002
  months:
    - month:
      days:
        - day: 
          shows:
            - name: Pendiente de completar
              done: si
- year: 2001
  months:
    - month:
      days:
        - day: 
          shows:
            - name: Pendiente de completar
              done: si
- year: 2000
  months:
    - month:
      days:
        - day: 
          shows:
            - name: Pendiente de completar
              done: si
- year: 1999
  months:
    - month:
      days:
        - day: 
          shows:
            - name: Pendiente de completar
              done: si
- year: 1998
  months:
    - month: diciembre
      days:
        - day: 18
          shows:
            - name: casa de la Cultura Guadassuar (València)
              done: si
        - day: 7
          shows:
            - name: Tuve Tuba por un tubo. Iglesia de Villaviciosa de Odón. (Madrid)
              done: si
    - month: noviembre
      days:
        - day: 13
          shows:
            - name: grabación del 1er disco en directo. Ritmo & Compás, Madrid.
              done: si
        - day: 12
          shows:
            - name: grabación del 1er disco en directo. Ritmo & Compás, Madrid.
              done: si
    - month: octubre
      days:
        - day: 28
          shows:
            - name: café La Unión. Madrid.
              done: si
        - day: 22
          shows:
            - name: inauguración de EneBa EneBa, Jacometrezzo, Madrid
              done: si
        - day: 17
          shows:
            - name: Clamores Jazz. Madrid
              done: si
        - day: 16
          shows:
            - name: Clamores Jazz. Madrid
              done: si
        - day: 15
          shows:
            - name: Clamores Jazz. Madrid
              done: si
    - month: septiembre
      days:
        - day: 24
          shows:
            - name: Tuve Tuba por un tubo. Fest. Int. de Música Cont. d’Alacant. T. Principal
              done: si
        - day: 22
          shows:
            - name: Tuve Tuba por un tubo. Ensayo gen. Aud. T. L. De Victoria del RCSMM.
              done: si
    - month: julio
      days:
        - day: 26
          shows:
            - name: II Verbena de Santiago. Plaza de Santiago. Madrid. 1998 07 26
              done: si
        - day: 19
          shows:
            - name: V Curso int. de música de Cocentàina. Palau Comtal de Cocentàina. (A)
              done: si
        - day: 14
          shows:
            - name: I semana de la música en Talavera. (TO)
              done: si
    - month: junio
      days:
        - day: 27
          shows:
            - name: Clausura del curso universitario 1997-98. R.U. Alonso de Ojeda. Cuenca.
              done: si
    - month: mayo
      days:
        - day: 28
          shows:
            - name: VII decena da música do Ferrol Teatro do Ferrol (C)
              done: si
        - day: 28
          shows:
            - name: II matiné para los escolares del Ferrol (7aDM) Teatro do Ferrol (C)
              done: si
        - day: 28
          shows:
            - name: I matiné para los escolares del Ferrol (7aDM) Teatro do Ferrol (C)
              done: si
        - day: 21
          shows:
            - name: RCSMM. “El Retorno” Real Conservatorio Superior de Música de Madrid
              done: si
    - month: abril
      days:
        - day: 2
          shows:
            - name: Clinic Jupiter/ Meinl Euromúsica- Garijo. Alcorcón.
              done: si
        - day: 1
          shows:
            - name: Concierto/ Cena con Euromúsica-GARIJO Hotel Holiday Inn. Madrid.
              done: si

- year: 1997
  months:
    - month: agosto
      days:
        - day: 4
          shows:
            - name: VII Curs int. de música de Castelló de la Ribera. (V).
              done: si
    - month: julio
      days:
        - day: 19
          shows:
            - name: IV Curso int. de música de Cocentàina. Palau Comtal de Cocentàina.
              done: si
        - day: 8
          shows:
            - name: Conferencia int. de tubas, “Verso il milennio” Riva di Garda. Italia.
              done: si
    - month: mayo
      days:
        - day: 16
          shows:
            - name: despedida de soltero de Elies y Lourdes. Café La Unión. Madrid.
              done: si
    - month: abril
      days:
        - day: 11
          shows:
            - name: pedagógico en el colegio Virgen del Bosque (Villaviciosa)
              done: si
    - month: marzo
      days:
        - day: 21
          shows:
            - name: La Fontana de Oro. Madrid con Sam Pilafian
              done: si
        - day: 14
          shows:
            - name: St. Patrick en Madrid. Salón de Columnas del Círculo de BBAA. Madrid
              done: si
        - day: 5
          shows:
            - name: La Fontana de Oro. Madrid
              done: si
        - day: 2
          shows:
            - name: Video para C+. RCSMM
              done: si
    - month: febrero
      days:
        - day: 8
          shows:
            - name: concierto Benéfico por el Zaire. Auditorio de Conde Duque. Madrid.
              done: si
    - month: enero
      days:
        - day: 15
          shows:
            - name: café-Concierto La Fídula
              done: si
        - day: 13
          shows:
            - name: maqueta de Los Semprini Estudios Animal Records
              done: si

- year: 1996
  months:
    - month: diciembre
      days:
        - day: 16
          shows:
            - name: Aquí Arriba. Alcalá de Henares
              done: si
    - month: noviembre
      days:
        - day: 28
          shows:
            - name: Aquí Arriba. Alcalá de Henares
              done: si
        - day: 20
          shows:
            - name: Auditorio Manuel de Falla. RCSMM.
              done: si
        - day: 14
          shows:
            - name: café La Unión. Madrid.
              done: si
        - day: 6
          shows:
            - name: café-Concierto La Fídula / Telediario 2
              done: si
    - month: agosto
      days:
        - day: 2
          shows:
            - name: Dust. Llíria. (V)
              done: si
        - day: 1
          shows:
            - name: VI Curs int. de música de Castelló de la Ribera. (V)
              done: si
    - month: julio
      days:
        - day: 31
          shows:
            - name: Traffic. Polinya de Xuquer 1996 07 31
              done: si
    - month: junio
      days:
        - day: 8
          shows:
            - name: Primer encuentro mundial de aligators. Pub “Gowlins” Lliría (V)
              done: si
        - day: 3
          shows:
            - name: “party a gogo” disco de Los Imposibles Estudios Animal Records
              done: si
    - month: mayo
      days:
        - day: 30
          shows:
            - name: RCSMM Auditorio Manuel de Falla. RCSMM.
              done: si
        - day: 19
          shows:
            - name: Feria de la Música’1996. Pabellón de cristal de la Casa de Campo. Madrid
              done: si
        - day: 18
          shows:
            - name: Feria de la Música’1996. Video para IMEFE Casa de Campo. Madrid
              done: si
    - month: abril
      days:
        - day: 25
          shows:
            - name: presentación del "arrós al forn" + mario. café la unión
              done: si
    - month: febrero
      days:
        - day: 10
          shows:
            - name: grabación de la maqueta. estudios box, madrid
              done: si
    - month: enero
      days:
        - day: 28
          shows:
            - name: el caray
              done: si
        - day: 15
          shows:
            - name: concierto de navidad cuarteto caray + dani. café la unión, madrid
              done: si
